{"name":"Plane","meshIndex":0,"scaling":[1,1,1],"rotation":[0,0,0],"translation":[0,0,0],"children":[],"indices":[21,1,9,9,8,7,7,6,5,5,4,3,2,0,11,11,19,18,18,17,16,16,15,14,14,13,12,10,31,39,14,12,10,18,16,14,2,11,18,5,3,2,9,7,5,29,21,9,27,28,29,25,26,27,23,24,25,30,20,22,33,32,30,35,34,33,37,36,35,39,38,37,14,10,39,2,18,14,9,5,2,27,29,9,23,25,27,30,22,23,35,33,30,39,37,35,2,14,39,27,9,2,30,23,27,39,35,30,27,2,39,39,30,27],"vertices":[0,0,1,-1,0,0,-0.1736481785774231,0,0.9848077297210693,-0.3420201539993286,0,0.9396926164627075,-0.5,0,0.8660253882408142,-0.6427876353263855,0,0.7660444378852844,-0.7660444378852844,0,0.6427876353263855,-0.8660253882408142,0,0.5,-0.9396926164627075,0,0.3420201539993286,-0.9848077297210693,0,0.1736481785774231,1,0,0,0,0,1,0.9848077297210693,0,0.1736481785774231,0.9396926164627075,0,0.3420201539993286,0.8660253882408142,0,0.5,0.7660444378852844,0,0.6427876353263855,0.6427876353263855,0,0.7660444378852844,0.5,0,0.8660253882408142,0.3420201539993286,0,0.9396926164627075,0.1736481785774231,0,0.9848077297210693,0,0,-1,-1,0,0,-0.1736481785774231,0,-0.9848077297210693,-0.3420201539993286,0,-0.9396926164627075,-0.5,0,-0.8660253882408142,-0.6427876353263855,0,-0.7660444378852844,-0.7660444378852844,0,-0.6427876353263855,-0.8660253882408142,0,-0.5,-0.9396926164627075,0,-0.3420201539993286,-0.9848077297210693,0,-0.1736481785774231,0,0,-1,1,0,0,0.1736481785774231,0,-0.9848077297210693,0.3420201539993286,0,-0.9396926164627075,0.5,0,-0.8660253882408142,0.6427876353263855,0,-0.7660444378852844,0.7660444378852844,0,-0.6427876353263855,0.8660253882408142,0,-0.5,0.9396926164627075,0,-0.3420201539993286,0.9848077297210693,0,-0.1736481785774231],"tangents":[0,0,0,0,0,0,-0.9999999999999979,0,6.597983457900282e-8,-0.9999999999984158,0,-0.0000017799926314030176,-0.9999999999872348,0,-0.000005052793951779692,-0.9999999999999369,0,-3.553248920500492e-7,-0.9999999999912753,0,0.000004177260663813819,-0.9999999999992211,0,-0.0000012481740884173266,-0.9999999999856672,0,-0.000005354010538074768,-0.999999999997042,0,-0.0000024322900932968697,-0.9999999999970479,0,-0.000002429864494317709,-0.9999999999997666,0,-6.830401738991048e-7,-0.9999999999965642,0,-0.000002621359067899175,-0.9999999999979609,0,-0.0000020194716689399372,-0.9999999999986589,0,-0.0000016378134579826525,-0.9999999999912753,0,-0.00000417726066381382,-0.9999999999969097,0,0.0000024860688656265484,-0.9999999999368882,0,0.00001123493824884538,-0.9999999999982269,0,0.0000018831371590470646,-0.9999999999997713,0,-6.760693794553755e-7,0,0,0,-0.9999999999692145,0,-0.000007846709430319671,-1,0,0,-0.9999999999999549,0,-3.0061197034708757e-7,-0.9999999999993622,0,-0.0000011294742557059537,-0.9999999999999991,0,4.314810425048344e-8,-0.9999999999990306,0,0.0000013924124659889756,-0.9999999999998725,0,5.049545930433386e-7,-0.999999999997961,0,0.0000020194709132145684,-0.9999999999984601,0,-0.0000017549517681081833,-1,0,-5.427180158189513e-9,0,0,0,-1,0,0,-0.9999999999999396,0,-3.474452952886938e-7,-0.9999999999993621,0,-0.0000011294706119053096,-0.9999999999993335,0,-0.0000011545277754639964,-0.9999999999893348,0,-0.00000461850037876825,-0.9999999999941125,0,-0.000003431482266420538,-0.9999999999843827,0,-0.0000055888102132368756,-0.9999999999994118,0,-0.0000010846135707012432],"normals":[0,1,0,0,1,0,0,1,0,0,1,0,0,1,0,0,1,0,0,1,0,0,1,0,0,1,0,0,1,0,0,1,0,0,1,0,0,1,0,0,1,0,0,1,0,0,1,0,0,1,0,0,1,0,0,1,0,0,1,0,0,1,0,0,1,0,0,1,0,0,1,0,0,1,0,0,1,0,0,1,0,0,1,0,0,1,0,0,1,0,0,1,0,0,1,0,0,1,0,0,1,0,0,1,0,0,1,0,0,1,0,0,1,0,0,1,0,0,1,0],"uvs":[0.4999999403953552,5.960464477539063e-8,0.9999999403953552,0.4999999403953552,0.5868239998817444,0.007596135139465332,0.6710100173950195,0.030153751373291016,0.75,0.06698727607727051,0.8213937282562256,0.11697781085968018,0.883022129535675,0.17860621213912964,0.9330127239227295,0.24999994039535522,0.969846248626709,0.3289898633956909,0.9924037456512451,0.41317594051361084,5.960464477539063e-8,0.5000000596046448,0.4999999403953552,5.960464477539063e-8,0.007596184033900499,0.4131760001182556,0.030153729021549225,0.32898998260498047,0.06698733568191528,0.25,0.11697778105735779,0.17860627174377441,0.17860618233680725,0.11697787046432495,0.25,0.06698727607727051,0.3289898633956909,0.030153870582580566,0.4131758213043213,0.007596254348754883,0.5000000596046448,0.9999999403953552,0.9999999403953552,0.4999999403953552,0.5868241190910339,0.9924038052558899,0.6710101366043091,0.969846248626709,0.7500000596046448,0.9330126047134399,0.8213937878608704,0.883022129535675,0.8830221891403198,0.8213937282562256,0.9330127239227295,0.7499998807907104,0.969846248626709,0.6710100173950195,0.9924037456512451,0.5868240594863892,0.5000000596046448,0.9999999403953552,5.960464477539063e-8,0.5000000596046448,0.4131759703159332,0.9924038052558899,0.32899001240730286,0.969846248626709,0.25000011920928955,0.9330126643180847,0.17860627174377441,0.8830221891403198,0.11697786301374435,0.8213938474655151,0.06698738783597946,0.75,0.030153769999742508,0.6710101366043091,0.007596204522997141,0.5868241190910339],"maxBoundingBox":[1,0,1],"minBoundingBox":[-1,0,-1]}