{
  "indices": [
    0,
    3,
    9,
    0,
    9,
    6,
    8,
    10,
    21,
    8,
    21,
    19,
    20,
    23,
    17,
    20,
    17,
    14,
    13,
    15,
    4,
    13,
    4,
    2,
    7,
    18,
    12,
    7,
    12,
    1,
    22,
    11,
    5,
    22,
    5,
    16,
    24,
    28,
    34,
    25,
    35,
    31,
    33,
    37,
    50,
    33,
    50,
    46,
    48,
    51,
    44,
    47,
    43,
    40,
    38,
    41,
    29,
    38,
    29,
    26,
    32,
    45,
    39,
    32,
    39,
    27,
    49,
    36,
    30,
    49,
    30,
    42
  ],
  "vertices": [
    -1,
    -1,
    8.691192626953125,
    -1,
    -1,
    8.691192626953125,
    -1,
    -1,
    8.691192626953125,
    -1,
    1,
    8.691192626953125,
    -1,
    1,
    8.691192626953125,
    -1,
    1,
    8.691192626953125,
    -1,
    -1,
    6.691192150115967,
    -1,
    -1,
    6.691192150115967,
    -1,
    -1,
    6.691192150115967,
    -1,
    1,
    6.691192150115967,
    -1,
    1,
    6.691192150115967,
    -1,
    1,
    6.691192150115967,
    1,
    -1,
    8.691192626953125,
    1,
    -1,
    8.691192626953125,
    1,
    -1,
    8.691192626953125,
    1,
    1,
    8.691192626953125,
    1,
    1,
    8.691192626953125,
    1,
    1,
    8.691192626953125,
    1,
    -1,
    6.691192150115967,
    1,
    -1,
    6.691192150115967,
    1,
    -1,
    6.691192150115967,
    1,
    1,
    6.691192150115967,
    1,
    1,
    6.691192150115967,
    1,
    1,
    6.691192150115967,
    -0.3333333134651184,
    -0.33333316445350647,
    0.024526119232177734,
    -0.3333333134651184,
    -0.33333316445350647,
    0.024526119232177734,
    -0.3333333134651184,
    -0.33333316445350647,
    0.024526119232177734,
    -0.3333333134651184,
    -0.33333316445350647,
    0.024526119232177734,
    -0.3333333134651184,
    -0.33333346247673035,
    6.691192150115967,
    -0.3333333134651184,
    -0.33333346247673035,
    6.691192150115967,
    -0.3333333134651184,
    -0.33333346247673035,
    6.691192150115967,
    -0.3333333134651184,
    0.33333346247673035,
    0.024526119232177734,
    -0.3333333134651184,
    0.33333346247673035,
    0.024526119232177734,
    -0.3333333134651184,
    0.33333346247673035,
    0.024526119232177734,
    -0.3333333134651184,
    0.33333316445350647,
    6.691192150115967,
    -0.3333333134651184,
    0.33333316445350647,
    6.691192150115967,
    -0.3333333134651184,
    0.33333316445350647,
    6.691192150115967,
    -0.3333333134651184,
    0.33333316445350647,
    6.691192150115967,
    0.3333333134651184,
    -0.33333316445350647,
    0.024526119232177734,
    0.3333333134651184,
    -0.33333316445350647,
    0.024526119232177734,
    0.3333333134651184,
    -0.33333316445350647,
    0.024526119232177734,
    0.3333333134651184,
    -0.33333346247673035,
    6.691192150115967,
    0.3333333134651184,
    -0.33333346247673035,
    6.691192150115967,
    0.3333333134651184,
    -0.33333346247673035,
    6.691192150115967,
    0.3333333134651184,
    -0.33333346247673035,
    6.691192150115967,
    0.3333333134651184,
    0.33333346247673035,
    0.024526119232177734,
    0.3333333134651184,
    0.33333346247673035,
    0.024526119232177734,
    0.3333333134651184,
    0.33333346247673035,
    0.024526119232177734,
    0.3333333134651184,
    0.33333346247673035,
    0.024526119232177734,
    0.3333333134651184,
    0.33333316445350647,
    6.691192150115967,
    0.3333333134651184,
    0.33333316445350647,
    6.691192150115967,
    0.3333333134651184,
    0.33333316445350647,
    6.691192150115967
  ]
}