{
  "indices": [
    1,
    14,
    20,
    1,
    20,
    7,
    10,
    6,
    19,
    10,
    19,
    23,
    21,
    18,
    12,
    21,
    12,
    15,
    16,
    3,
    9,
    16,
    9,
    22,
    5,
    2,
    8,
    5,
    8,
    11,
    17,
    13,
    0,
    17,
    0,
    4,
    25,
    133,
    29,
    28,
    120,
    30,
    32,
    141,
    35,
    34,
    123,
    37,
    38,
    132,
    40,
    41,
    145,
    43,
    44,
    151,
    47,
    46,
    129,
    49,
    50,
    144,
    53,
    52,
    130,
    55,
    56,
    137,
    59,
    58,
    134,
    61,
    62,
    138,
    64,
    65,
    150,
    68,
    66,
    121,
    69,
    71,
    142,
    74,
    73,
    136,
    76,
    75,
    126,
    78,
    80,
    140,
    82,
    83,
    146,
    86,
    85,
    147,
    89,
    87,
    128,
    91,
    90,
    124,
    93,
    94,
    125,
    97,
    96,
    122,
    99,
    101,
    135,
    103,
    104,
    148,
    107,
    106,
    131,
    109,
    110,
    139,
    113,
    112,
    127,
    115,
    117,
    24,
    27,
    27,
    31,
    33,
    33,
    36,
    39,
    39,
    42,
    45,
    45,
    48,
    51,
    51,
    54,
    57,
    57,
    60,
    63,
    63,
    67,
    70,
    70,
    72,
    77,
    77,
    79,
    81,
    81,
    84,
    88,
    88,
    92,
    95,
    95,
    98,
    100,
    100,
    102,
    105,
    105,
    108,
    111,
    111,
    114,
    117,
    117,
    27,
    33,
    33,
    39,
    45,
    45,
    51,
    57,
    57,
    63,
    70,
    70,
    77,
    81,
    81,
    88,
    95,
    95,
    100,
    105,
    105,
    111,
    117,
    117,
    33,
    45,
    45,
    57,
    70,
    70,
    81,
    95,
    95,
    105,
    117,
    117,
    45,
    70,
    70,
    95,
    117,
    116,
    143,
    118,
    119,
    149,
    26
  ],
  "vertices": [
    2,
    1,
    -1,
    2,
    1,
    -1,
    2,
    1,
    -1,
    2,
    -1,
    -1,
    2,
    -1,
    -1,
    2,
    -1,
    -1,
    2,
    1,
    1,
    2,
    1,
    1,
    2,
    1,
    1,
    2,
    -1,
    1,
    2,
    -1,
    1,
    2,
    -1,
    1,
    0,
    1,
    -1,
    0,
    1,
    -1,
    0,
    1,
    -1,
    0,
    -1,
    -1,
    0,
    -1,
    -1,
    0,
    -1,
    -1,
    0,
    1,
    1,
    0,
    1,
    1,
    0,
    1,
    1,
    0,
    -1,
    1,
    0,
    -1,
    1,
    0,
    -1,
    1,
    1.9772850275039673,
    -4.999999523162842,
    8.543696594642824e-7,
    1.9772850275039673,
    -4.999999523162842,
    8.543696594642824e-7,
    1.9772850275039673,
    -4.999999523162842,
    8.543696594642824e-7,
    1.9772850275039673,
    -4.903925895690918,
    0.9754523634910583,
    1.9772850275039673,
    -4.903925895690918,
    0.9754523634910583,
    1.9772850275039673,
    -4.903925895690918,
    0.9754523634910583,
    1.9772850275039673,
    -4.619397163391113,
    1.913417935371399,
    1.9772850275039673,
    -4.619397163391113,
    1.913417935371399,
    1.9772850275039673,
    -4.619397163391113,
    1.913417935371399,
    1.9772850275039673,
    -4.157347679138184,
    2.7778518199920654,
    1.9772850275039673,
    -4.157347679138184,
    2.7778518199920654,
    1.9772850275039673,
    -4.157347679138184,
    2.7778518199920654,
    1.9772850275039673,
    -3.5355331897735596,
    3.535534381866455,
    1.9772850275039673,
    -3.5355331897735596,
    3.535534381866455,
    1.9772850275039673,
    -3.5355331897735596,
    3.535534381866455,
    1.9772850275039673,
    -2.77785062789917,
    4.1573486328125,
    1.9772850275039673,
    -2.77785062789917,
    4.1573486328125,
    1.9772850275039673,
    -2.77785062789917,
    4.1573486328125,
    1.9772850275039673,
    -1.9134167432785034,
    4.61939811706543,
    1.9772850275039673,
    -1.9134167432785034,
    4.61939811706543,
    1.9772850275039673,
    -1.9134167432785034,
    4.61939811706543,
    1.9772850275039673,
    -0.9754514098167419,
    4.903926849365234,
    1.9772850275039673,
    -0.9754514098167419,
    4.903926849365234,
    1.9772850275039673,
    -0.9754514098167419,
    4.903926849365234,
    1.9772850275039673,
    4.3711384023481514e-7,
    5.000000476837158,
    1.9772850275039673,
    4.3711384023481514e-7,
    5.000000476837158,
    1.9772850275039673,
    4.3711384023481514e-7,
    5.000000476837158,
    1.9772850275039673,
    0.9754517674446106,
    4.903926849365234,
    1.9772850275039673,
    0.9754517674446106,
    4.903926849365234,
    1.9772850275039673,
    0.9754517674446106,
    4.903926849365234,
    1.9772850275039673,
    1.9134169816970825,
    4.61939811706543,
    1.9772850275039673,
    1.9134169816970825,
    4.61939811706543,
    1.9772850275039673,
    1.9134169816970825,
    4.61939811706543,
    1.9772850275039673,
    2.777850866317749,
    4.1573486328125,
    1.9772850275039673,
    2.777850866317749,
    4.1573486328125,
    1.9772850275039673,
    2.777850866317749,
    4.1573486328125,
    1.9772850275039673,
    3.5355336666107178,
    3.535534381866455,
    1.9772850275039673,
    3.5355336666107178,
    3.535534381866455,
    1.9772850275039673,
    3.5355336666107178,
    3.535534381866455,
    1.9772850275039673,
    4.157347679138184,
    2.7778515815734863,
    1.9772850275039673,
    4.157347679138184,
    2.7778515815734863,
    1.9772850275039673,
    4.157347679138184,
    2.7778515815734863,
    1.9772850275039673,
    4.619397163391113,
    1.9134180545806885,
    1.9772850275039673,
    4.619397163391113,
    1.9134180545806885,
    1.9772850275039673,
    4.619397163391113,
    1.9134180545806885,
    1.9772850275039673,
    4.903925895690918,
    0.9754523038864136,
    1.9772850275039673,
    4.903925895690918,
    0.9754523038864136,
    1.9772850275039673,
    4.903925895690918,
    0.9754523038864136,
    1.9772850275039673,
    4.999999523162842,
    4.172558192294673e-7,
    1.9772850275039673,
    4.999999523162842,
    4.172558192294673e-7,
    1.9772850275039673,
    4.999999523162842,
    4.172558192294673e-7,
    1.9772850275039673,
    4.903925895690918,
    -0.975450336933136,
    1.9772850275039673,
    4.903925895690918,
    -0.975450336933136,
    1.9772850275039673,
    4.903925895690918,
    -0.975450336933136,
    1.9772850275039673,
    4.619397163391113,
    -1.9134161472320557,
    1.9772850275039673,
    4.619397163391113,
    -1.9134161472320557,
    1.9772850275039673,
    4.619397163391113,
    -1.9134161472320557,
    1.9772850275039673,
    4.157347202301025,
    -2.777850389480591,
    1.9772850275039673,
    4.157347202301025,
    -2.777850389480591,
    1.9772850275039673,
    4.157347202301025,
    -2.777850389480591,
    1.9772850275039673,
    3.535534143447876,
    -3.535532236099243,
    1.9772850275039673,
    3.535534143447876,
    -3.535532236099243,
    1.9772850275039673,
    3.535534143447876,
    -3.535532236099243,
    1.9772850275039673,
    2.7778520584106445,
    -4.157346248626709,
    1.9772850275039673,
    2.7778520584106445,
    -4.157346248626709,
    1.9772850275039673,
    2.7778520584106445,
    -4.157346248626709,
    1.9772850275039673,
    1.913417935371399,
    -4.619396209716797,
    1.9772850275039673,
    1.913417935371399,
    -4.619396209716797,
    1.9772850275039673,
    1.913417935371399,
    -4.619396209716797,
    1.9772850275039673,
    0.9754520654678345,
    -4.903924942016602,
    1.9772850275039673,
    0.9754520654678345,
    -4.903924942016602,
    1.9772850275039673,
    0.9754520654678345,
    -4.903924942016602,
    1.9772850275039673,
    1.5893252225396282e-7,
    -4.999998569488525,
    1.9772850275039673,
    1.5893252225396282e-7,
    -4.999998569488525,
    1.9772850275039673,
    1.5893252225396282e-7,
    -4.999998569488525,
    1.9772850275039673,
    -0.9754517078399658,
    -4.903924942016602,
    1.9772850275039673,
    -0.9754517078399658,
    -4.903924942016602,
    1.9772850275039673,
    -0.9754517078399658,
    -4.903924942016602,
    1.9772850275039673,
