{"name":"Cube.001","meshIndex":0,"scaling":[0.30000001192092896,0.30000001192092896,0.30000001192092896],"rotation":[0,0,0],"translation":[0,0,0],"children":[],"rotationQuad":[0,0,0,1],"indices":[0,3,9,0,9,6,8,10,21,8,21,19,20,23,17,20,17,14,13,15,4,13,4,2,7,18,12,7,12,1,22,11,5,22,5,16,24,28,34,25,35,31,33,37,50,33,50,46,48,51,44,47,43,40,38,41,29,38,29,26,32,45,39,32,39,27,49,36,30,49,30,42],"vertices":[-1,-1,8.691192626953125,-1,-1,8.691192626953125,-1,-1,8.691192626953125,-1,1,8.691192626953125,-1,1,8.691192626953125,-1,1,8.691192626953125,-1,-1,6.691192150115967,-1,-1,6.691192150115967,-1,-1,6.691192150115967,-1,1,6.691192150115967,-1,1,6.691192150115967,-1,1,6.691192150115967,1,-1,8.691192626953125,1,-1,8.691192626953125,1,-1,8.691192626953125,1,1,8.691192626953125,1,1,8.691192626953125,1,1,8.691192626953125,1,-1,6.691192150115967,1,-1,6.691192150115967,1,-1,6.691192150115967,1,1,6.691192150115967,1,1,6.691192150115967,1,1,6.691192150115967,-0.3333333134651184,-0.33333316445350647,0.024526119232177734,-0.3333333134651184,-0.33333316445350647,0.024526119232177734,-0.3333333134651184,-0.33333316445350647,0.024526119232177734,-0.3333333134651184,-0.33333316445350647,0.024526119232177734,-0.3333333134651184,-0.33333346247673035,6.691192150115967,-0.3333333134651184,-0.33333346247673035,6.691192150115967,-0.3333333134651184,-0.33333346247673035,6.691192150115967,-0.3333333134651184,0.33333346247673035,0.024526119232177734,-0.3333333134651184,0.33333346247673035,0.024526119232177734,-0.3333333134651184,0.33333346247673035,0.024526119232177734,-0.3333333134651184,0.33333316445350647,6.691192150115967,-0.3333333134651184,0.33333316445350647,6.691192150115967,-0.3333333134651184,0.33333316445350647,6.691192150115967,-0.3333333134651184,0.33333316445350647,6.691192150115967,0.3333333134651184,-0.33333316445350647,0.024526119232177734,0.3333333134651184,-0.33333316445350647,0.024526119232177734,0.3333333134651184,-0.33333316445350647,0.024526119232177734,0.3333333134651184,-0.33333346247673035,6.691192150115967,0.3333333134651184,-0.33333346247673035,6.691192150115967,0.3333333134651184,-0.33333346247673035,6.691192150115967,0.3333333134651184,-0.33333346247673035,6.691192150115967,0.3333333134651184,0.33333346247673035,0.024526119232177734,0.3333333134651184,0.33333346247673035,0.024526119232177734,0.3333333134651184,0.33333346247673035,0.024526119232177734,0.3333333134651184,0.33333346247673035,0.024526119232177734,0.3333333134651184,0.33333316445350647,6.691192150115967,0.3333333134651184,0.33333316445350647,6.691192150115967,0.3333333134651184,0.33333316445350647,6.691192150115967],"tangents":[0,0,1,1,0,0,1,0,0,0,0,1,1,0,0,-1,0,0,0,0,1,1,0,0,-1,0,0,0,0,1,-1,0,0,-1,0,0,1,0,0,1,0,0,0,0,-1,1,0,0,-1,0,0,0,0,-1,1,0,0,-1,0,0,0,0,-1,-1,0,0,-1,0,0,0,0,-1,0,1,0,0,1,0,1,0,0,-1,0,0,0,1,0,1,0,0,0.9999999999999554,-2.980233304583883e-7,0,0,1,0,-1,0,0,-1,0,0,0,1,0,0,1,0,0.9999999999998224,-5.960466609166973e-7,0,-1,0,0,1,0,0,-1,0,0,0,1,0,1,0,0,1,0,0,0,1,0,0,1,0,-1,0,0,-1,0,0,0,1,0,0,1,0,0.9999999999999554,-2.980233304583883e-7,0,-1,0,0,0,1,0],"normals":[-1,0,0,0,-1,0,0,0,1,-1,0,0,0,0,1,0,1,0,-1,0,0,0,-1,0,0,0,-1,-1,0,0,0,0,-1,0,1,0,0,-1,0,0,0,1,1,0,0,0,0,1,0,1,0,1,0,0,0,-1,0,0,0,-1,1,0,0,0,0,-1,0,1,0,1,0,0,-1,0,0,-1,0,2.235178930831694e-9,0,-1,-4.470348713425665e-8,0,0,-1,-1,0,0,0,-1,-4.470348713425665e-8,0,0,1,-1,0,2.235178930831694e-9,0,0,-1,0,1,4.470348713425665e-8,-1,0,0,-1,0,2.235178930831694e-9,0,0,1,0,1,4.470348713425665e-8,0,-1,-4.470348713425665e-8,0,0,-1,1,0,-2.235178930831694e-9,0,-1,-4.470348713425665e-8,0,0,1,1,0,-2.235178930831694e-9,1,0,0,0,0,-1,0,1,4.470348713425665e-8,1,0,-2.235178930831694e-9,1,0,0,0,0,1,0,1,4.470348713425665e-8,1,0,0],"uvs":[0.7000000476837158,0.7000000476837158,0.7000001668930054,0.10000002384185791,0.40000009536743164,1,0.7000000476837158,0.40000009536743164,0.40000009536743164,0.7000000476837158,1.0000001192092896,0.40000009536743164,0.40000009536743164,0.7000000476837158,0.7000001668930054,0.3999999761581421,1.0000001192092896,1,0.40000009536743164,0.40000009536743164,1.0000001192092896,0.7000000476837158,1.0000001192092896,0.7000000476837158,1.0000001192092896,0.10000002384185791,0.7000000476837158,1,0.40000009536743164,0.3999999761581421,0.7000000476837158,0.7000000476837158,0.7000001668930054,0.40000009536743164,0.40000009536743164,0.10000002384185791,1.0000001192092896,0.3999999761581421,0.7000001668930054,1,0.7000000476837158,0.3999999761581421,0.7000001668930054,0.7000000476837158,0.7000001668930054,0.7000000476837158,0.7000000476837158,0.10000002384185791,0.3000001311302185,2.384185791015625e-7,0.3000001311302185,2.384185791015625e-7,0.10000014305114746,1,0.6000001430511475,0.10000008344650269,0.3000001311302185,1,0.1000000536441803,0,0.40000012516975403,0.10000002384185791,0.40000009536743164,2.384185791015625e-7,0.6000001430511475,1.1920928955078125e-7,0.10000006854534149,1,0.40000009536743164,1,0.40000009536743164,1,0.40000012516975403,5.960464477539063e-8,0.09999997913837433,0,0.2000001221895218,1,0.5000001192092896,0.10000008344650269,0.20000016689300537,1,0.20000003278255463,0,0.5000001192092896,0.10000002384185791,0.20000019669532776,0,0.20000019669532776,0,0.5000001192092896,1.1920928955078125e-7,8.940696716308594e-8,1,0.3000001311302185,1,0.3000001311302185,1,0.5000001192092896,0,0,0,0.3000001609325409,0],"maxBoundingBox":[1,1,8.691192626953125],"minBoundingBox":[-1,-1,0.024526119232177734]}