{
  "indices": [
    0,
    1,
    3,
    0,
    3,
    2
  ],
  "vertices": [
    -1,
    -1,
    -4.371138828673793e-8,
    1,
    -1,
    -4.371138828673793e-8,
    -1,
    1,
    4.371138828673793e-8,
    1,
    1,
    4.371138828673793e-8
  ],
  "uvs": [
    0,
    1,
    1,
    1,
    0,
    0,
    1,
    0
  ]
}